<?xml version="1.0" encoding="UTF-8"?>
<module codename="com.qna.terramenta.core">
    <module_version install_time="1314242237179" last="true" origin="installer" specification_version="1.0">
        <file crc="1142169260" name="config/Modules/com-qna-terramenta-core.xml"/>
        <file crc="2459234010" name="modules/com-qna-terramenta-core.jar"/>
        <file crc="231461169" name="modules/ext/com.sun/gluegen-rt-1.0.jar"/>
        <file crc="602694816" name="modules/ext/com.sun/jogl-1.1.2.jar"/>
        <file crc="2736060766" name="modules/ext/com.vividsolutions/jts-1.11.jar"/>
        <file crc="1265057347" name="modules/ext/gov.nasa/worldwind-1.2.0.jar"/>
        <file crc="2863705453" name="modules/ext/gov.nasa/worldwindx-1.2.0.jar"/>
        <file crc="3522431894" name="modules/ext/joda-time/joda-time-1.6.2.jar"/>
        <file crc="826192464" name="modules/ext/org.jdesktop/beansbinding-1.2.1.jar"/>
        <file crc="4107935167" name="modules/ext/xerces/xercesImpl-2.4.0.jar"/>
    </module_version>
</module>
